{"cameraMode":{"drawMode":0,"name":"Shaded","section":"Shading Mode"},"sceneLighting":true,"audioPlay":false,"sceneViewState":{"showFog":true,"showMaterialUpdate":false,"showSkybox":true,"showFlares":true,"showImageEffects":true,"showParticleSystems":true},"in2DMode":false,"pivot":{"x":-15.375429153442383,"y":-12.230873107910157,"z":19.273374557495118},"rotation":{"x":-0.13635557889938355,"y":-0.020507153123617173,"z":0.0028268112801015379,"w":-0.9904515147209168},"size":2.5829310417175295,"orthographic":false}